"Songid","Libraries"
# THIS FILE CONTAINS Mapping from Songs to Libraries
# May 18 2010
######################################################
# 			All SONGS
#######################################################
10,"beats_library"
11,"beats_library"
12,"beats_library"
13,"beats_library"
14,"beats_library chimes_library"
15,"beats_library chimes_library"
16,"beats_library chimes_library"
17,"beats_library chimes_library"
18,"beats_library chimes_library"
19,"beats_library chimes_library melody_library"
20,"beats_library chimes_library melody_library"
21,"beats_library chimes_library melody_library"
22,"beats_library chimes_library melody_library"
